customer_tweet_id,customer_text,amazon_reply,true_intent,true_escalate,true_escalation_reason
861249,@115850 Amazon is the best and original,"@394187 We're glad you like our services, Murtaza. Thank you for the feedback! :) ^HD",General_Product_Inquiry,FALSE,Informational inquiry or general brand feedback safe for auto-reply
1054795,"@119625 you guys are doing a great job by adding new titles, hope to see malayalam movies as well. Keep up the good work.",@369230 Thank you so much for the feedback. I'll be sure to forward the feedback to the concerned team internally. 1/2 ^AP,Digital_Services_Prime,FALSE,Informational inquiry or general brand feedback safe for auto-reply
1398888,@AmazonHelp I paid for one day shipping and it's delayed... this doesn't even make sense... https://t.co/WHBtYZxPWU,"@125690 Oh my! Deliveries are made until 8 PM. Keep us updated, Barb! ^AB",Shipping_Delivery_Issues,TRUE,Specific delivery delay or missing parcel requiring order investigation
249771,@AmazonHelp Is there any limit of keeping patience? It's been over month and still being told to keep patience and no ETA. Whom to approach for refund.,@175368 https://t.co/beaaDm0muc and I’ll contact you at the earliest.  3/3 ^NK,Returns_Refunds_Damaged,TRUE,"Financial transaction, refund request, or account security verification required"
2823130,Is there any way to delete the account? @115850,"@786659 Apologies for the issues with the delivery. Did we miss out on the estimated date?
Also in case if you wish to cancel the account, please report to our support team here: https://t.co/HQhpS2qeEd and we will help you further. ^BS",Account_Billing_Membership,TRUE,"Financial transaction, refund request, or account security verification required"
686683,Since when did it cost a fuck ton to send stuff back to @115830 !? Bye bye prime membership.. waste of money. Amazon have gotten more and more greedy by the month.,"@283959 Hey, are you having a problem with a return? Without divulging any personal information could you please explain your issue?^PJ",Returns_Refunds_Damaged,TRUE,"High customer distress, anger, or delivery grievance requiring human handling"
1456335,"@458025 preordered your book from @115830, hasn't arrived or even been dispatched.  They need to Get After It, so that I can.",@458024 Oh no! Have we missed that delivery date given on the confirmation email? ^BA,Shipping_Delivery_Issues,TRUE,Specific delivery delay or missing parcel requiring order investigation
2864811,Hey @115821 how is this okay when packages are normally delivered to our door? https://t.co/Gy40O6LcM8,"@795714 This definitely isn't up to our delivery standards, we'd like to escalate this to the carrier so it doesn't happen again. Are you able to tell who the carrier was from any of the tracking labels? ^MB",Shipping_Delivery_Issues,FALSE,Informational inquiry or general brand feedback safe for auto-reply
311532,@AmazonHelp Have not received any update from you. no one has come to pick up the old device .,@190398 We've sent a correspondence to your registered email address. Please check and revert. ^SQ,General_Product_Inquiry,FALSE,Informational inquiry or general brand feedback safe for auto-reply
937640,"@AmazonHelp 9648298254 Amazon delivery boy charged extra amount, and not taking calls, amazon courier team did not take any action. very bad","@342268 I apologize for this. Do not worry, we'll have this checked for you. ^NR 1/2",Account_Billing_Membership,TRUE,"Financial transaction, refund request, or account security verification required"
2220171,"Hey @115821, since when do you ship like this? Way to ruin a Christmas gift! @AmazonHelp https://t.co/VlPNJyvznt","@648479 It looks like that item ships in its original packaging. For future orders, be on the look out for the ""This is a gift"" option or the option to ""Ship in an Amazon box"" during checkout. For more information, visit us here: https://t.co/96zOv2zKh8 ^TK",General_Product_Inquiry,FALSE,Informational inquiry or general brand feedback safe for auto-reply
2398267,"@AmazonHelp Cool thanks, if I wanna cancel my prime membership how much notice do I give?","@129920 You can let us know as soon as the day before your Prime renews. You can also use the link provided by KJ. Use the left-hand menu to make adjustments to your membership. If you turn off auto-renewal, it your Prime will cancel at the end of the pay cycle. ^MJ",General_Product_Inquiry,FALSE,Informational inquiry or general brand feedback safe for auto-reply
277822,@AmazonHelp I phoned up last night and you was told no one could find out where my parcels where or guarantee when they would be delivered.,@164991 Were you given a final deadline as to when they could be delivered? ^MC,Shipping_Delivery_Issues,FALSE,Informational inquiry or general brand feedback safe for auto-reply
1337202,@AmazonHelp @AmazonHelp and now they drove past my house... https://t.co/tkIFXzGOOk,@424355 Looks like it is still in route. You can also call for an update here: https://t.co/EKXRLsnxJu ^AF,General_Product_Inquiry,FALSE,Informational inquiry or general brand feedback safe for auto-reply
1287017,@AmazonHelp The first pic is a screenshot from the @26523 official website n 2nd pic is from @115850 n 3rd is the 10$ conversion in rupees https://t.co/vYFnzmaxLs,"@406984 However, I'll pass along your feedback to the team concerned for review. 2/2 ^HD",General_Product_Inquiry,FALSE,Informational inquiry or general brand feedback safe for auto-reply
142058,"@148057 @115850 @AmazonHelp Hey Amazon, why is Aadhaar needed?",@148056 Kindly reply to the correspondence you've received from us for further assistance. Appreciate your understanding. ^SM,General_Product_Inquiry,FALSE,Informational inquiry or general brand feedback safe for auto-reply
327588,"@AmazonHelp ""Sold by https://t.co/LQYgU4yBnA LLC""",@194093 You can check out available options by using the Online Retunrs Center here: https://t.co/4p4HwPguR2 ^GL,General_Product_Inquiry,FALSE,Informational inquiry or general brand feedback safe for auto-reply
1919906,"@AmazonHelp @115851  @115850  thanks a ton for making my diwali extra happy 
 Got my phone at 8 am today 
 Thanks again","@219626 Glad to hear about the delivery update, appreciate your patience while we worked on it. ^MJ",General_Product_Inquiry,FALSE,Informational inquiry or general brand feedback safe for auto-reply
577770,"@AmazonHelp I  don't need your apologies i just need my product delivered to me that's  it. As i have already shared all information with your customer representative  many times 
what other information you want for  connecting with me i can't understand  ????????????","@227488 I understand that you're unhappy with this service. This was never really intended, I would request you to revert back to the correspondence e-mail because we wouldn't be able to proceed further. ^KK",Shipping_Delivery_Issues,FALSE,Informational inquiry or general brand feedback safe for auto-reply
1626623,@AmazonHelp will have to turn to Flipkart I suppose to meet my requirement of genuine product!,@498002 Looks like you've had an unpleasant experience. Could you please elaborate on your concern so that we can help you? ^SS,General_Product_Inquiry,FALSE,Informational inquiry or general brand feedback safe for auto-reply
2735647,"I got a call back from @115821 today regarding my misdelivered packages. I didn't get the name of the rep who spoke with me, but he was super helpful! Thank you @AmazonHelp folks!!",@144759 Thanks for taking the time to share the love! We all hope you enjoy the rest of the night! ^EP,Shipping_Delivery_Issues,FALSE,Informational inquiry or general brand feedback safe for auto-reply
317744,@115850 See the marketing gimmick carried out to misguide customers. Same product price has increased on Festival sale. https://t.co/7iiMjKJwU8,"@191833 you the lowest price, may result in fluctuations in our prices over time. 2/2 ^PS",General_Product_Inquiry,FALSE,Informational inquiry or general brand feedback safe for auto-reply
2459939,"@AmazonHelp Hi ,,,actually i took amazon development project from creative bug(saranshs group-delhi), iam doing this from 4months i done perfectly and sent full information of all shops registrations i done ,,, i have maintained 30employees with 3branches in 3districts,  but no bills","@704444 Apologies Sekhar, Twitter being a public platform we do not have access to any such business transactions. I would request you to please contact the concerned team you worked along with, for a better insight. Thank you for understanding. ^SI",General_Product_Inquiry,FALSE,Informational inquiry or general brand feedback safe for auto-reply
353235,@115850 shipng date SEP 21..till now not deliverd https://t.co/BPGoYUK3pk,"@199974 We will sort this for you. Also, please don’t provide your tracking details as we consider 2/3 ^SB",General_Product_Inquiry,FALSE,Informational inquiry or general brand feedback safe for auto-reply
250699,@AmazonHelp https://t.co/ICFSjqe5s3.    Thank you!,@175581 I'm not able to reproduce the situation. Are you still seeing the listed pricing you had provided in the screenshot? ^MJ,General_Product_Inquiry,FALSE,Informational inquiry or general brand feedback safe for auto-reply
297296,"@AmazonHelp Reiterating again-""There has been NO emails from Social Media team for LAST 28 DAYS"" @115821 @115850 Please STOP posting fake tweets again",@186821 I get your concern. Since you have not received any emails. Please share your details here: https://t.co/GIJyeYqKE0. 1/2 ^PS,General_Product_Inquiry,FALSE,Informational inquiry or general brand feedback safe for auto-reply
176468,"@AmazonHelp Purolator failed yet again to deliver the item I ordered last week for one-day delivery. Amazon ""guaranteed delivery"" on Friday. What are my options here? Can I re-order and have you deliver on your own trucks?","@157519 Prime One-Day and Two-Day Shipping refers to business days in transit once shipped, and doesn't include any processing time. There is currently no way to request a carrier to ship. 
We're happy to look into available options here: https://t.co/Q7Ftz6nj80 
-Lydia L.",Shipping_Delivery_Issues,FALSE,Informational inquiry or general brand feedback safe for auto-reply
269130,@AmazonHelp  My Gift card code is not working. Please help,@180171 Sorry to know you're facing issues with gift card. Please reach us from here: https://t.co/rS49hgaADF we'll assist you. ^SV,General_Product_Inquiry,FALSE,Informational inquiry or general brand feedback safe for auto-reply
526506,"@AmazonHelp Can you resend the link once, I already did earlier, Will do again if needed.",@241842 Kindly fill in your details here: https://t.co/GIJyeY99fq and we'll get in touch with you soon. ^PB,General_Product_Inquiry,FALSE,Informational inquiry or general brand feedback safe for auto-reply
485348,"After years of buying, first time I ship with Amazon Logistic and it's just a quick way to throw away my money, 800 $ lost in merchandise and you just can not be held responsible. What good policies, guys, great work. @115821 @116928, that was a Black Friday in deep","@230469 Hi, can you tell us a bit more about the issue without sharing any personal or account information? ^JJ",General_Product_Inquiry,FALSE,Informational inquiry or general brand feedback safe for auto-reply
63938,"@AmazonHelp filled the form and got this message 
Your message has been sent. We will contact you within 12 business hours, 7 days a week 10:00 to 19:00 IST.
12 days you need to solve this issue
what the hell it is team",@130667 Please confirm if you have provided the details shared earlier by 'SC' and we'll look into your concern at the earliest. ^SF,General_Product_Inquiry,FALSE,Informational inquiry or general brand feedback safe for auto-reply
2557150,@119625  you guys need to fix this. iPad iOS 11.x https://t.co/yLI6QO2KSZ,"@725993 Could you please tell us what exactly is the issue you are facing while watching prime video, so we get this checked with our concerned team? ^BS",General_Product_Inquiry,FALSE,Informational inquiry or general brand feedback safe for auto-reply
426351,@216403 @AmazonHelp Hi Amazon r u hearing at all,@216405 We are following up with the concerned customer. ^RW,General_Product_Inquiry,FALSE,Informational inquiry or general brand feedback safe for auto-reply
1184741,@AmazonHelp Yes but neither I nor the recipient redeemed it. This was a 21st birthday present and it has gone horribly wrong through no fault of ours,@398603 Thanks for clarifying Mags. Please forward your details - https://t.co/tkLCr7DNil w'd like a specialist to investigate. ^TP,General_Product_Inquiry,FALSE,Informational inquiry or general brand feedback safe for auto-reply
304607,@121284 was expecting Prime Music or something better. Got saavn which is the worst. It has 99% hindi songs!!,@188732 I get your concern. I'll be sure to forward your feedback internally. ^PS,Digital_Services_Prime,TRUE,"High customer distress, anger, or delivery grievance requiring human handling"
2670063,@120474 can you tell us why we brought 2 @263821 tickets only to get an email saying there was a problem with our order 5 mins later?,@751958 Hi Samantha. Did the email explain further what caused the issue? ^NV,Shipping_Delivery_Issues,FALSE,Informational inquiry or general brand feedback safe for auto-reply
713322,"@AmazonHelp I did, was given another refund for an item that was damaged and an apology.",@290615 I can certainly understand any frustration. Please let us know if you continue to have trouble. ^LI,Returns_Refunds_Damaged,TRUE,"Financial transaction, refund request, or account security verification required"
1269495,"@115850 
What will I get by filling damn forms..
Make it quick u b*****s","@387622 Twitter being a social media platform, we will not be able to access your account details, Vedanshu. ^KS 1/2",General_Product_Inquiry,FALSE,Informational inquiry or general brand feedback safe for auto-reply
611112,"@AmazonHelp hi , nothing happenned reg my last query. ????","@265298 Are you referring to your account being put on hold, Anil? ^NR",General_Product_Inquiry,FALSE,Informational inquiry or general brand feedback safe for auto-reply
1495621,"@AmazonHelp Order was dispatched at 11.39 and is being delivered from Fife, Scotland. I live in Surrey.. Good luck getting in here on time.","@467265 Hi James, what does the latest scan on the tracking say? ^AT",Shipping_Delivery_Issues,FALSE,Informational inquiry or general brand feedback safe for auto-reply
1464129,@459845 @AmazonHelp It's so annoying. I talked to @AmazonHelp two days ago and I asked them if putting the gate code means it gets delivered to my door directly. Support says yes.. Well guess where the fucking package is yet again..,"@459844 Oh no! I'm sorry to hear about this. I'd like to have a member of my team look into this with you. When you get a moment, please provide some additional details: https://t.co/foGsOx9LHT ^SW",Shipping_Delivery_Issues,TRUE,"High customer distress, anger, or delivery grievance requiring human handling"
1744129,"@AmazonHelp I have gone through the whole help index and nothing on there covers my problem, the parcel is lost in transit so i cannot return it as i have never had it, what should i do ?","@526006 You can join our customer service to resolve this problem via: https://t.co/MBTDQi7u2J  
^YL",Returns_Refunds_Damaged,TRUE,Physical return or item replacement triage
815510,"@AmazonHelp Tracking #

229158691490

Tracking #

135121724679

Tracking #

237303606015

I need this by tomorrow, share me the latest update",@314201 We'll not be able to check your information here. Did we miss our estimated delivery date? 1/2^SC,Shipping_Delivery_Issues,FALSE,Informational inquiry or general brand feedback safe for auto-reply
2310311,@AmazonHelp No. The estimated delivery date has passed but the product isn't even shipped yet.,"@670044 Sorry about your experience, Pradyumna. Kindly fill in the details here: https://t.co/beaaDm0muc, we'll check and get back to you with an update at the earliest. ^HS",Shipping_Delivery_Issues,FALSE,Informational inquiry or general brand feedback safe for auto-reply
1428632,@AmazonHelp Account specialist sent me same email again to again,@124474 The resolution provided by our account specialist team is the best. We wouldn't be able to provide any further insight on this. ^NS,General_Product_Inquiry,FALSE,Informational inquiry or general brand feedback safe for auto-reply
527153,@AmazonHelp https://t.co/Xgr0HmMPi3,"@242012 Have you used the 'Contact Seller' option provided within your order details? For more information, please refer to the following: https://t.co/Uzys6m2vUQ ^WM",General_Product_Inquiry,FALSE,Informational inquiry or general brand feedback safe for auto-reply
675173,@AmazonHelp Today.,@134539 Sorry to hear that you've had issues recently. Keep an eye on your tracking: https://t.co/aaDyEz1VgE for updates and keep us posted.^TI,General_Product_Inquiry,FALSE,Informational inquiry or general brand feedback safe for auto-reply
848143,@115830 so i have been waiting in all day and keeping an eye on the post for my CD and i get this??? You obviously didn't try hard enough. https://t.co/Z9kNlvwXje,@321568 I'm truly sorry this happened! We want to help. Please contact us here for further assistance: https://t.co/JzP7hlA23B ^SH,General_Product_Inquiry,FALSE,Informational inquiry or general brand feedback safe for auto-reply
764784,@115828 how come games released on Tuesday aren't delivered until Thursday? Why aren't they delivered the day they come out?,"@302792 Happy to help, Christopher! If the game has Release Date delivery, you can find that info here https://t.co/2O2uwQO0Vb ^HM",Shipping_Delivery_Issues,FALSE,Informational inquiry or general brand feedback safe for auto-reply
322628,@AmazonHelp @115850 I am really disappointed with your services. i will not buy and will not recommend for my friends and family as i lost trust onyourService,@191896 I'm sorry for any trouble. Could you please elaborate so that we can assist you accordingly in the best possible way? ^RW,General_Product_Inquiry,FALSE,Informational inquiry or general brand feedback safe for auto-reply
725265,"Just got off the most frustrating 35min call w @115821 . I get hacked yet,I get treated like the criminal. Where did good customer serv. Go?",@164420 That's not the experience we like to hear about. What options/info did we provide you when you contacted us? ^GG,General_Product_Inquiry,FALSE,Informational inquiry or general brand feedback safe for auto-reply
363318,@AmazonHelp My parcel was wrongly returned on calling cs giving diff answers and ask me to rebook and increase the cost. Too many other issues as well,"@202081 to reinstate the order. Request you to place a new order. Further, I'll surely forward this as feedback internally. (2/2)^SQ",Returns_Refunds_Damaged,TRUE,Physical return or item replacement triage
2960429,So @115821 has a delivery service that says they delivered a package but didn't.,"@817046 Oh no! I'm sorry to hear you didn't receive your package! I'd like to have a member of my team look into this for you. When you get a moment, please provide us with some additional details: 
https://t.co/W6Ks8upE5t ^SW",Shipping_Delivery_Issues,FALSE,Informational inquiry or general brand feedback safe for auto-reply
302240,"If @115821 is going to do its own package delivery, it might want to ask @115817 and @81 for simple tips on stopping package theft... https://t.co/PC6xYVsEQu","@188115 My team can make sure this is escalated properly. When you have time, send us your details here: https://t.co/pUlgN6FQG8 ^EP",Shipping_Delivery_Issues,FALSE,Informational inquiry or general brand feedback safe for auto-reply
969353,@AmazonHelp Should I ? I don't think so,@350086 Please get in touch with us using the link mentioned above by my colleague 'SH'  and we'll sort out your issue. ^AU,General_Product_Inquiry,FALSE,Informational inquiry or general brand feedback safe for auto-reply
1737618,@AmazonHelp I can't see the response.,@201488 We have responded to your query over DM. I request you to kindly check once again. ^SY,General_Product_Inquiry,FALSE,Informational inquiry or general brand feedback safe for auto-reply
1318271,@AmazonHelp I asked that when will u release I know that new movies'll be released in prime. Com. Ur answer is completely different from my question,@287450 We do not have an announcement yet. Kindly stay tuned for an update! ^EM,Digital_Services_Prime,FALSE,Informational inquiry or general brand feedback safe for auto-reply
2379820,@AmazonHelp My account email has changed by someone somewhere... It was __email__ mobile 9702040076,"@686233 Kindly fill in the details or connect with our support team for assistance on it. We will not be able check your details over social platform. Please don't provide your order details, as we consider it to be personal information. Our Twitter page is public.​ ^RW",General_Product_Inquiry,FALSE,Informational inquiry or general brand feedback safe for auto-reply
2952349,alright @115821 I'm going to need y'all to deliver my stuff. it was supposed to be here yesterday. so much for 2 day prime delivery,@392402 Oh no! So sorry for the delay! We are here to help! What is the current order status shown here: https://t.co/Y5jpI9gRhE ^AD,Shipping_Delivery_Issues,FALSE,Informational inquiry or general brand feedback safe for auto-reply
2350857,@AmazonHelp I have been charged twice for an item I bought from amazon.es can I have my money back?,@679465 Hi Luis! We recommend you to verify this information: https://t.co/YBx84bjI42 ^HC,Account_Billing_Membership,TRUE,"Financial transaction, refund request, or account security verification required"
1547593,Thanks alot Amazon to deliver the order on 8th Nov'17. Kudos. @115850,@479145 Thank you for letting us know that you got the order on time. Appreciate your patience. ^RW,General_Product_Inquiry,FALSE,Informational inquiry or general brand feedback safe for auto-reply
2352344,@AmazonHelp Is it still on the way??? I mean WTF?? Its near month i made my order and i still dont find any status of my order. Its time to sue you for using my money whole month @115850 https://t.co/xcazqwPOtQ,@663967 This isn't the kind of service we would want our customers to experience. Please reply to the email you've received from our team and we'll reach out to you. ^KA,General_Product_Inquiry,FALSE,Informational inquiry or general brand feedback safe for auto-reply
1309587,"@115850 very dissatisfied with service.1st order Boom  box was not getting on,2nd cd drive cover/flap was broken..still no refund yet https://t.co/vJA8gga6Kk",@426045 information. Our Twitter page is public. 3/3 ^SH,Returns_Refunds_Damaged,TRUE,"Financial transaction, refund request, or account security verification required"
2825730,@115850 today morning @ 8 am a call from your cust-care number 9064193115 asked my credit card number and tried to hack it making transaction of 9994/- and asked for otp recieved as followup of transation made last night kindly look into it,"@787165 Sorry for the inconvenience, however we do not ask for such details owing to your account safety. We would like to investigate up on this kindly fill in the details on the secured link here https://t.co/beaaDm0muc and we'd connect with you after the investigation. ^KK",Account_Billing_Membership,FALSE,Informational inquiry or general brand feedback safe for auto-reply
440509,"@AmazonHelp AMZL US. I had a package come successfully yesterday when I wasn't home, but today they say it's deliverable haha",@219505 We'd like to ensure this is addressed! Please provide some details about the issue here: https://t.co/w9SBmf6MVr ^WT,Shipping_Delivery_Issues,FALSE,Informational inquiry or general brand feedback safe for auto-reply
2290046,@AmazonHelp Send me the link again,@623801 You should have received a correspondence from our team. You can check it here:https://t.co/8DAc10S7ww ^EM,General_Product_Inquiry,FALSE,Informational inquiry or general brand feedback safe for auto-reply
1296555,@AmazonHelp Shameful refund still not paid despite assurance from you that it will be resolved in next 5 days. Its been over 2 months now.,@206187 Hi. Sorry to hear this. Please get in touch here: https://t.co/JzP7hlA23B and we'll investigate this for you. ^RL,Returns_Refunds_Damaged,TRUE,"Financial transaction, refund request, or account security verification required"
1495514,can you get extension on @115821  rfp,"@467240 We'd like to help. Without providing account details, can you elaborate? ^GM",General_Product_Inquiry,FALSE,Informational inquiry or general brand feedback safe for auto-reply
861220,@AmazonHelp Not good company Amazon,"@190745 That's quite a remark. I'd like to help, kindly drop your details here: https://t.co/beaaDm0muc and I’ll contact you soon. ^MO",General_Product_Inquiry,FALSE,Informational inquiry or general brand feedback safe for auto-reply
2827355,@AmazonHelp Noted. Will contact at the link.,@787530 Thank you for your understanding. Do keep us posted for any further concerns; we'll be glad to assist you. ^VN,General_Product_Inquiry,FALSE,Informational inquiry or general brand feedback safe for auto-reply
2774191,@AmazonHelp je vous donne le numero de commande par DM?,"@775317 Pour des mesures de confidentialité, nous n'avons pas accès à votre compte depuis twitter, je vous invite à contacter notre service client directement via le lien suivant :  https://t.co/hgIrz98cdI ^SB",General_Product_Inquiry,FALSE,Informational inquiry or general brand feedback safe for auto-reply
937307,"@AmazonHelp I wish for my item, that I paid for and didn't receive",@342203 I understand your frustration. Using the link ^ML provided will allow you to look into available options. ^KP,General_Product_Inquiry,FALSE,Informational inquiry or general brand feedback safe for auto-reply
2612200,"@AmazonHelp estoy en estos momentoosss jajajaj flipantee, parecia que se iba a parecer al otro pero esta muy mejorado, por cierto amazon he recibido un codigo promocional y no se por que no me lo lee es algo de nintendo https://t.co/gAbLYCQYBZ","@738599 Genial. 😉👍Si tuvieras que elegir por uno de los 2, ¿podrías decidir con cuál quedarte? Con respecto a tu consulta, te recomiendo poder contactar con nuestro departamento de Servicio al Cliente, en el siguiente enlace: https://t.co/OjvUxwnzPe ^KA",General_Product_Inquiry,FALSE,Informational inquiry or general brand feedback safe for auto-reply
738384,"@AmazonHelp Submitted. 
Please check and solve.","@296603 As you've shared your details, we'll work on it and get back to you at the earliest. ^HN",General_Product_Inquiry,FALSE,Informational inquiry or general brand feedback safe for auto-reply
2460811,"@AmazonHelp Did. Again. Waiting for your ""correspondence"" to reach me.","@679782 Thank you for confirming. If you've shared the details, we'll look into it and get back to you soon. ^MO",General_Product_Inquiry,FALSE,Informational inquiry or general brand feedback safe for auto-reply
363336,"@115850 @4167 Hi There, Why is the @36131 Wallet (R31792116) MRP:999 been shown more than the actual site is offering MRP:900 https://t.co/HXUxC3My4p | AI - https://t.co/qzD8R4f0OB | Myntra - https://t.co/ESlkhA4iHh https://t.co/jTfgNoZM17",@202082 receive from our sellers. You may also visit this link: https://t.co/yQb39uNRsX for more information. (2/2) ^HD,General_Product_Inquiry,FALSE,Informational inquiry or general brand feedback safe for auto-reply
197825,@AmazonHelp @115821 box came cut open and retaped from YOUR logistics company. Called AMZL and the sent me right back to CS who won't help https://t.co/nZf0Q9ht8s,@162520 I'm so sorry! We'd like to help! What information or instructions did you get when you called us? ^TK,General_Product_Inquiry,FALSE,Informational inquiry or general brand feedback safe for auto-reply
354497,@AmazonHelp I have lost patience. And i believe you folks @115850  don't care about it,@200264 Any communication will be sent here: https://t.co/0ewkYhOiSB. Please revert to it for further assistance. ^RW,General_Product_Inquiry,TRUE,"High customer distress, anger, or delivery grievance requiring human handling"
2562070,i accidentally just purchased 38 dollars worth of kindle books and i really hope i can cancel that @115821,@727111 Oh my! Let us know if you have any troubles when canceling the orders. You may also reach out to us in real time here: https://t.co/hApLpMlfHN. ^AL,Digital_Services_Prime,FALSE,Informational inquiry or general brand feedback safe for auto-reply
2110261,"@115850 1 @AmazonHelp I have DM u the exact details
Kindly have a look on it asap",@494348 We have responded to your DM. Request you to check with the same. ^GD,General_Product_Inquiry,FALSE,Informational inquiry or general brand feedback safe for auto-reply
1629851,"@119356 @118919 It's 19th November and I've not yet received the refund amount. @119356 @115850 @118919 
It's been told to me that the amazon services don't share bank reference number against the refund immediately after the refund process has been started.",@498872 Sorry to know about the refund issue. Have you reported this concern to our support team using this link here: https://t.co/00q4Sqj9zL for assistance?,Returns_Refunds_Damaged,TRUE,"Financial transaction, refund request, or account security verification required"
2310965,@115821 delivery service needs to learn the difference between Sacramento and West Sacramento.,@187111 I'm sorry for any inconvenience! Have we missed the delivery date stated in your confirmation e-mail: https://t.co/L9Xapf1v25? ^GM,Shipping_Delivery_Issues,FALSE,Informational inquiry or general brand feedback safe for auto-reply
54408,@AmazonHelp et pour l'avis de passage ? j'en fais quoi ? la poste peut me filer mon colis avec ce petit bout bois ?,@128315 Vous présentez juste votre pièce d’identité pour pouvoir retirer votre commande. ^BR,General_Product_Inquiry,FALSE,Informational inquiry or general brand feedback safe for auto-reply
2877816,Amazon forreal robbed me. I bought underwear for $32 and they have the nerve to put it on sale for $19.98.... I'm telling my mom @115821 @AmazonHelp,"@798787 I am sorry to hear this Michael. Can I ask, when did you purchase this item please? You may be within your 30 day return window and you can check this here: https://t.co/Y5jpI9gRhE.^GA",General_Product_Inquiry,FALSE,Informational inquiry or general brand feedback safe for auto-reply
1706381,"@115850 the exchange offers is available but when clicked to buy, no exchange available. please fix the issue.",@517149 -might not be eligible for the buyback program for now. (2/2) ^RI,General_Product_Inquiry,FALSE,Informational inquiry or general brand feedback safe for auto-reply
322887,@AmazonHelp I have got an empty box but i am guilty because in back once i have faced same problem.,@192916 Sorry for the hassle Manish. Please report this to our support team here: https://t.co/vlvfJr4nN9 and we'll check this. ^HN,General_Product_Inquiry,FALSE,Informational inquiry or general brand feedback safe for auto-reply
1393866,@AmazonHelp Where is the question in the email? It says that @115850  will get back to me in 3-5 days of which 4 are over. This is after my 10+ attempts. Stop misguiding me. Or else all of this will form my submission to Court when I drag Amazon to Court. https://t.co/ZdL0oiFaEF,@330913 Kindly reply to the email and we will get back to you with an update. ^MP,General_Product_Inquiry,FALSE,Informational inquiry or general brand feedback safe for auto-reply
1461537,"@AmazonHelp Already been through that rubbish and nothing was resolved, via chat or phone.","@459213 I'm sorry about that! When you contacted us, what was advised? ^MH",General_Product_Inquiry,FALSE,Informational inquiry or general brand feedback safe for auto-reply
255046,"@AmazonHelp Dude ! I think you have no empathy!Maybe you should get a 30% cut in your salary for trusting the company, who knows if you are getting paid",@176634 I get your disappointment. I'll be sure to pass your feedback to the concerned team internally. ^SG,General_Product_Inquiry,FALSE,Informational inquiry or general brand feedback safe for auto-reply
1179697,@AmazonHelp It was the Amazon delivery,"@397440 We'd like to investigate this with you, Jess. Can you please reach out to us here? Thanks! https://t.co/U0bAMEUeXb ^RM",Shipping_Delivery_Issues,FALSE,Informational inquiry or general brand feedback safe for auto-reply
2387905,"@AmazonHelp I have noticed an error in your invoicing and will be happy to share feedback. Nothing against Amazon, I appreciate the work you guys do. GST is a mess.",@241865 Please write us your feedback here: __email__ &amp; we'll be glad to review it with the concern teams.^SF,General_Product_Inquiry,FALSE,Informational inquiry or general brand feedback safe for auto-reply
2746054,@115821 my account has been compromised. What is the customer service number,"@405205 Oh no! We'd love to help, Ashley! Please reach out to us from here: https://t.co/jzvkhdlrK5 It will let you skip the sign in process to contact us. Let us know if you have any questions! ^AJ",General_Product_Inquiry,FALSE,Informational inquiry or general brand feedback safe for auto-reply
1773790,"@AmazonHelp Order still stuck.  Let me start this over, would you care to help me with my stuck order @AmazonHelp ? https://t.co/Ko0q88U7mR","@533099 Oh no! I'm sorry about the wait, Doug! Have we missed delivery date shown in confirmation e-mail? What was date given? ^FR",General_Product_Inquiry,FALSE,Informational inquiry or general brand feedback safe for auto-reply
179586,@AmazonHelp I had already done that. But your team said they had investigated &amp; could not help further.,@158299 Request you to reply to our correspondence sent to your email ID so that we could look into this. ^GS,General_Product_Inquiry,FALSE,Informational inquiry or general brand feedback safe for auto-reply
857831,@AmazonHelp what revert. i added arnd 70rs frm gv 1 pipa code..and 130 frm faasos. for 300rs u r asking me to fax all details.. isnt it too much ???,@323416 land via fax. Please follow the steps suggested in forwarding your details for further assistance. (2/2)^SQ,General_Product_Inquiry,FALSE,Informational inquiry or general brand feedback safe for auto-reply
1883306,"@115850 I expected u to be courteous by atleast informing me,on my inquiry I was told it has been delayed,just expect 1 favour from you.","@560851 Your order will be delivered on priority once it reaches the destination city, appreciate your patience. 2/2 ^MJ",General_Product_Inquiry,FALSE,Informational inquiry or general brand feedback safe for auto-reply
1770165,"@AmazonHelp Initially it said delivered, but then when pulling it up through USPS tracking, it said forwarded (I recently moved, but had the package sent to my new address anyway - no fwd needed). I called USPS and they said they'd look into it. Now it says delivered again but nothing here.",@532170 That's not good. Let's talk about this in real time. Please call or chat with us here: https://t.co/XCjjqQjhDF ^BA,Shipping_Delivery_Issues,FALSE,Informational inquiry or general brand feedback safe for auto-reply
2290135,@AmazonHelp I observed it for the same product that I have in cart. Item and seller is same..,@665278 That's strange. Please reach out to our support team here: https://t.co/2t6DQoUmNZ for further assistance. ^RW,General_Product_Inquiry,FALSE,Informational inquiry or general brand feedback safe for auto-reply
2485648,@AmazonHelp Order 114-0359413-4084248 is pending for shipment for last 8 days. Customer service execs are giving incorrect info. This is a gift and has an emotional value attached. Please let me know the status and have it delivered soon.,"@710016 That's strange. We'd like to help. Please share your details here: https://t.co/beaaDm0muc and We'll reach out to you soon. Also, please don't provide your order details here, we consider it to be personal information. ^JS",Shipping_Delivery_Issues,FALSE,Informational inquiry or general brand feedback safe for auto-reply
1546644,@AmazonHelp It was emailed to me thanks for your speedy response,@478934 The code should be on the email you received. Did you get the email or has it not arrived yet? ^KM,General_Product_Inquiry,FALSE,Informational inquiry or general brand feedback safe for auto-reply
792065,@AmazonHelp @115850 uve responded but not solved the problem. Infact I spent 20 minutes talk to another half-baked exec @115850,@183225 Allow us to take a closer look on this. Please share your details here: https://t.co/GIJyeYqKE0. We'll reach out to you.^VN,General_Product_Inquiry,FALSE,Informational inquiry or general brand feedback safe for auto-reply
1415221,@AmazonHelp I see and when will the promo take effect as I just put an item in my cart sold by https://t.co/g4wRuPXVSD and didn't see the credit.,@448877 The promotional credit will appear at checkout. It should show that it's being applied right before you place your order. ^TH,General_Product_Inquiry,FALSE,Informational inquiry or general brand feedback safe for auto-reply
317479,@AmazonHelp No..I've followed all instruction...router off etc... still stuck in reboot cycle,@191770 Oh. Please contact us here for specialist support:  https://t.co/JzP7hlA23B ^AT,General_Product_Inquiry,FALSE,Informational inquiry or general brand feedback safe for auto-reply
1690814,@AmazonHelp It was handled after speaking with 3 different people. Thank you,@513307 Thanks for the update Paul. ^TP,General_Product_Inquiry,FALSE,Informational inquiry or general brand feedback safe for auto-reply
1715663,Hey @115821 - so excited for all the free air I received with my order today. https://t.co/wLRd9yDI3A,@519581 We seek to meet our customers' expectations. Please send feedback on this packaging here: https://t.co/DD2D5df1TF ^DO,General_Product_Inquiry,FALSE,Informational inquiry or general brand feedback safe for auto-reply
2717988,@AmazonHelp can a consumer send money to their bank acount from amazon pay balance?,"@762836 I'm sorry, currently we not have the feature to transfer money from Amazon pay balance to the bank account. You can know more about pay balance here:https://t.co/6SFF4KNZ1n ^EM",General_Product_Inquiry,FALSE,Informational inquiry or general brand feedback safe for auto-reply
2290752,@115850 i have already registered but response was y u purchase from seller promoted @123288 @418 @131027 https://t.co/Ag04JbdH8c,"@662712 I'm sorry for the poor experience, write to us here: https://t.co/GIJyeYqKE0 &amp; we'll check this for you. ^MJ",General_Product_Inquiry,FALSE,Informational inquiry or general brand feedback safe for auto-reply
1414498,@AmazonHelp Poor seller support team Contacted several time make new case but no solution on that..kindly ulter few of the policy,"@448715 Sorry to know that. I'd like to take a closer look into this, please share your details here: https://t.co/GIJyeYqKE0. ^PS",General_Product_Inquiry,FALSE,Informational inquiry or general brand feedback safe for auto-reply
2236365,@AmazonHelp Yes it still says dispatching soon. Arriving before 8pm but that's not happening is it?,@652193 We can take a closer look at the details if you would like to contact us. Just click the link here and follow the prompts:  https://t.co/JzP7hlA23B ^EM,Shipping_Delivery_Issues,FALSE,Informational inquiry or general brand feedback safe for auto-reply
1344536,@AmazonHelp We had to give up after an 1hr and 40mins on the phone!!!,@433545 I'm sorry for this! Did we go over all the steps here: https://t.co/vyvXg3wokS? Did we set up any follow up as well? ^SJ,General_Product_Inquiry,FALSE,Informational inquiry or general brand feedback safe for auto-reply
1668916,"Order ID:404-4313025-2413959,order date:31-May-17, Paras shah,I/503,Radhe 
Residency,Vadodara, mo.9227134673 ,still today norefund @115850","@356982 Sorry about that! Kindly fill in your details here:https://t.co/GIJyeYqKE0 and we'll get this sorted for you. Also, ^PB (1/2)",Returns_Refunds_Damaged,TRUE,"Financial transaction, refund request, or account security verification required"
1131303,@AmazonHelp Your team has been working on it for 2 weeks.that shows your efficiency &amp; customer consciousness @118702 is better,@322303 I understand there has been a long delay. We'll get this checked and get back to you soon. Appreciate your understanding. ^HD,General_Product_Inquiry,FALSE,Informational inquiry or general brand feedback safe for auto-reply
2967777,@AmazonHelp Good to know!  I used to only use the gift option if it was shipping to another person directly.  Maybe the change could be made more obvious on the checkout page.  Thanks for the quick reply!,"@805475 You're very welcome. We greatly appreciate the feedback, and your patience! ^JR",Shipping_Delivery_Issues,FALSE,Informational inquiry or general brand feedback safe for auto-reply
776109,@AmazonHelp Fix the process and driver incentive. Don't incent them in a way that leads to this behavior when they are overwhelmed. Do something.,@305445 Please be sure to report these instances to improve future deliveries. ^RR,Shipping_Delivery_Issues,FALSE,Informational inquiry or general brand feedback safe for auto-reply
1412530,"@AmazonHelp my kindle paperwhite keeps trying to force update every 5/10 mins repeatedly. Has been doing it since Tuesday, please help",@448243 We'd love to help! Updates are sent automatically when your connected to WiFi. Is there a reason you don't want the update? ^AJ,Digital_Services_Prime,FALSE,Informational inquiry or general brand feedback safe for auto-reply
182837,"@AmazonHelp poor customer service over phone, cannot contact carrier. Cannot even locate my item 26hrs... Cannot escalate locally.... https://t.co/IpvzNV1DlM","@159019 I'm sorry for the aggravation! When you spoke with us, What options were offered for the order? ^DD",Shipping_Delivery_Issues,FALSE,Informational inquiry or general brand feedback safe for auto-reply
990382,I have not received one ? @AmazonHelp https://t.co/9lOUcNeuFe,"@354597 The Sincerest apologies Lucy, this was sent due to a technical error. Check your e-mails from us for further information. ^JE",General_Product_Inquiry,FALSE,Informational inquiry or general brand feedback safe for auto-reply
26914,@AmazonHelp Just now! I gave you the benefit of the doubt but I have now cancelled the order.,"@121893 Hi, what info did we give about the dispatch issue? Were any options provided? ^TS",General_Product_Inquiry,FALSE,Informational inquiry or general brand feedback safe for auto-reply
917574,@115850 When can I expect amazon prime music to be launched in india? Is it this going to be in this year or next?,@337843 Amazon Prime Music is one of the music streaming services available exclusively on echo devices (1/3)^SF,Digital_Services_Prime,FALSE,Informational inquiry or general brand feedback safe for auto-reply
2622528,@AmazonHelp Ich habe aber meine Daten bei den Kollegen nicht angegeben oder einen Vertrag etc. daher meine Frage: Woher haben die meine Daten?,"@184339 Wenn du ein Kundenkonto bei Amazon.de erstellst, kannst du diese Daten auch bei allen anderen Amazon-Seiten nutzen. Liebe Grüße ^TA",General_Product_Inquiry,FALSE,Informational inquiry or general brand feedback safe for auto-reply
680400,"@AmazonHelp 1. Ordered a product with no cost EMI
2. Confirmed with the Support Rep that I did it right before ordering and after ordering
3. Paying the actual EMI (2/12 done) with interest instead of just EMI
4. Now your Rep says I didn't select right option.",@282346 That doesn't sound right! Let us take a look at this. Please provide the requisite details here: https://t.co/beaaDm0muc &amp; we'll assist you. ^SF,General_Product_Inquiry,FALSE,Informational inquiry or general brand feedback safe for auto-reply
2281587,@117795 I like how I set a delivery window from 12-2 and my stuff still isn't here and the driver hasn't contacted me saying he'll be late. Providing updates would be good customer service.,@663193 Oh goodness! I'm very sorry for the troubles. What does the latest tracking update state: https://t.co/ZR8Mm376Vq? ^AB,Shipping_Delivery_Issues,FALSE,Informational inquiry or general brand feedback safe for auto-reply
1601604,@115850 @AmazonHelp I am already a Prime Subscriber in India. If I buy the Echo do I get the Amazon Prime charges in my Amazon Pay balance since it shows 1 year Prime included? Or do you extend the date?,@169612 If you are a prime member and purchased an echo device. 1/2 ^VH,Digital_Services_Prime,TRUE,"Financial transaction, refund request, or account security verification required"
440417,@AmazonHelp It's says the seller is FancyDressForYou ?,"@219495 Being time sensitive, we'd like to help you further. Please contact us by phone or chat here: https://t.co/hApLpMlfHN ^CM",General_Product_Inquiry,FALSE,Informational inquiry or general brand feedback safe for auto-reply
1081376,@AmazonHelp Grazie mille!,@375096 😉 ^GD,General_Product_Inquiry,FALSE,Informational inquiry or general brand feedback safe for auto-reply
1028173,@AmazonHelp Amazon.in,@363314 &amp; we'll have this sorted out right away.  2/2 ^EM,General_Product_Inquiry,FALSE,Informational inquiry or general brand feedback safe for auto-reply
2166444,"@AmazonHelp Liefertermin war der 6., es ist immer noch nichts da. Alles was per DHL kommt ist super und primeNow auch, aber Amazon Logistics...Naja. 2/2",@448219 Bist du so lieb und meldest dich bitte direkt bei uns: https://t.co/br7bhrlJn8 Wir würden das gerne entsprechend weitergeben. ^TG,General_Product_Inquiry,FALSE,Informational inquiry or general brand feedback safe for auto-reply
9767,"Worst experience in shopping no product no refund , been 40 days. F&amp;@694 it @115821",@117789 Please report this to our support team here: https://t.co/TdDksLo6Mf and we'll look into this. 2/2 ^HD,Returns_Refunds_Damaged,TRUE,"Financial transaction, refund request, or account security verification required"
19199,@AmazonHelp problem not resolved yet...high time now,@120264 Sorry to know about the delay in resolving your query. I'd like to take a closer look at this. ^AK (1/2),General_Product_Inquiry,FALSE,Informational inquiry or general brand feedback safe for auto-reply
250026,@115850 Fraud,"@175407 My apologies, Anup. Could you please let us know what went wrong so that we can help accordingly. ^KS",General_Product_Inquiry,FALSE,Informational inquiry or general brand feedback safe for auto-reply
814259,@AmazonHelp I did a mistake buying from amazon,"@313942 I understand your concern, Sandeep. Could you confirm if you've shared your details in the link provided earlier? ^HD",General_Product_Inquiry,FALSE,Informational inquiry or general brand feedback safe for auto-reply
275841,Have to say @115830 are the WORST for buying vinyl off. Ordered 2 weeks ago &amp; cant get it together at all. Never again. Back to HMV/Fopp.,@181894 Sorry to hear Brendan. Were you provided with a delivery date when you first placed the order? ^TP,General_Product_Inquiry,TRUE,"High customer distress, anger, or delivery grievance requiring human handling"
1113147,@AmazonHelp Please message me with a contact person,@382708 We'd like to look into this directly. Please provide your details here: https://t.co/cPOg8eZLJu ^BE,General_Product_Inquiry,FALSE,Informational inquiry or general brand feedback safe for auto-reply
785443,@AmazonHelp Is there anyway I can reschedule the delivery for today?,@307415 What did customer service advise when you contacted them? ^PK,Shipping_Delivery_Issues,FALSE,Informational inquiry or general brand feedback safe for auto-reply
2592122,@AmazonHelp I repurchased the email gift card and got the same email.,@734115 Thank you for the screen shot! Here's how you can identify if the email is from Amazon directy or spam: https://t.co/myMmllcJ8W. I hope this helps! ^LH,General_Product_Inquiry,FALSE,Informational inquiry or general brand feedback safe for auto-reply
2867164,"@AmazonHelp @115821 
surely there's been some mistake? Is my mailman gonna come by right before bedtime or is it coming tomorrow? https://t.co/UqKblnaRvQ","@796289 Hi Jason. I certainly understand your concern! It's still possible you can receive this today by 8pm. If you don't, please let us know so we can investigate this further for you. ^HC",General_Product_Inquiry,FALSE,Informational inquiry or general brand feedback safe for auto-reply
1770236,@AmazonHelp I've removed all methods of payments and canceled my amazon prime yet it still took money out of my account help?,@532182 Please reach out directly by phone/chat to us here: https://t.co/JzP7hlA23B so we can take a closer look. ^TN,General_Product_Inquiry,FALSE,Informational inquiry or general brand feedback safe for auto-reply
1425095,Looks like @120533 have sent my ordered item on a trip to the UK and back... #holidays https://t.co/ha29SeYrcM,"@270206 Hello, there is any delay on your delivery ? ^MH",General_Product_Inquiry,FALSE,Informational inquiry or general brand feedback safe for auto-reply
326381,@116618 is there an account for amazon video in Canada?,"@193753 Just to clarify, do you have a pre-existing Amazon account with a Prime Membership? ^AC",General_Product_Inquiry,FALSE,Informational inquiry or general brand feedback safe for auto-reply
1286982,@AmazonHelp I already sent my complaint through that link on Sunday Oct. 15 and have been waiting for an answer since!.. https://t.co/EgKOy6bcne,"@421025 Understand, have you contacted the SAC via phone? ^DA",General_Product_Inquiry,FALSE,Informational inquiry or general brand feedback safe for auto-reply
445475,@AmazonHelp This was never about your intention to provide Quality product but more about Faking a product and cheating the customer. Check the attached image before you provide your statutory comment. Error is different than being unethical.,"@220499 I understand that you're upset. We'd like to look into this and work on it. Please share your details here: https://t.co/GIJyeYqKE0 and we'll contact you soon. Further, I'll pass on your feedback to the concerned team internally for a review. ^NK",General_Product_Inquiry,FALSE,Informational inquiry or general brand feedback safe for auto-reply
1429510,"Amazon recently shifted to shipping its own packages in my area, with AMZL. I thought nothing could be worse than FedEx, I was wrong.","@452020 Without providing account sensitive information, could you tell us more about the problem with AMZL? We'd love to help! ^SA",Shipping_Delivery_Issues,FALSE,Informational inquiry or general brand feedback safe for auto-reply
1343578,@AmazonHelp It just says Amazon shipping for the courier?,@433358 Got it! Thanks for looking into that for us! Please contact us via phone/chat here: https://t.co/JzP7hlA23B for more help. ^TK,Shipping_Delivery_Issues,FALSE,Informational inquiry or general brand feedback safe for auto-reply
2808358,"@AmazonHelp The link takes me to log in and then directly to email customer service where I can then select between devices, order related, digital, unknown charge, something else, or fresh. Which one of those gets me to where you wanted me to be?","@783222 Please choose the option ""something else."" ^BH",Account_Billing_Membership,TRUE,"Financial transaction, refund request, or account security verification required"
180257,"@AmazonHelp They didn't consult for my consent, he came today but left vidout delivering. Order fr Wells Fargo building. He refuses to came in &amp; left",@158411 We apologize for the inconvenience. Please contact our support team here: https://t.co/9mwpIdOzZn and we'll help you. ^ZH,General_Product_Inquiry,FALSE,Informational inquiry or general brand feedback safe for auto-reply
1285573,@115821 it is the 26th. How tf is prime two day shipping not til the 30th??????????????,@420709 Two day shipping refers to the time your order arrives after it has shipped. More info here: https://t.co/L1iX4qgm2J ^KJ,Shipping_Delivery_Issues,FALSE,Informational inquiry or general brand feedback safe for auto-reply
2356895,@AmazonHelp why is this one damaged but the other two I got in the same package weren't damaged at all :( https://t.co/yYFDXmofIV,"@173212 Terribly sorry for the damaged Pops!, Richard! Let's see what options we have to get that fixed here: https://t.co/7EK6VwqMkw ^JZ",Returns_Refunds_Damaged,TRUE,Physical return or item replacement triage
173464,"@115821 No one is helping with our situation on Amazon, So sorry that we trusted Amazon.","@156607 I'm so sorry for the poor experience you've had with us! If you don't mind and without sharing account or personal details, could you tell us what the original issue was? We'd love to help! ^AR",General_Product_Inquiry,FALSE,Informational inquiry or general brand feedback safe for auto-reply
231792,@115851 @115850 @AmazonHelp Please improve amazon service in india.. customers need to beg even to speak to customer care @115850 https://t.co/kZiBcmwS7P,@171207 Sorry for the hassle Linson. I'll surely pass on your feedback to the concerned team internally. ^HN,General_Product_Inquiry,FALSE,Informational inquiry or general brand feedback safe for auto-reply
2594352,@115821 thanks for the update. Guess I'm still on the hook for the full shipping fee even when it arrives late?  #SecondClass #NotPrime https://t.co/iHxdD8saxr,@716625 I'm sorry for the inconvenience! Please reach out to us directly via phone/chat here: https://t.co/hApLpMlfHN so we can take a look at the shipping costs. ^TN,Account_Billing_Membership,FALSE,Informational inquiry or general brand feedback safe for auto-reply
271883,@AmazonHelp - hey there is NO update rgd my refund. Last email said 5 days. No update since then. Pls check b4 u reply &amp; stop misinforming.,@180884 received from us and we will get back with the latest update? (2/2) ^GK,Returns_Refunds_Damaged,TRUE,"Financial transaction, refund request, or account security verification required"
180665,"@AmazonHelp There isnt any REPLY button in Amazon Message Center, you dint know that ??? what dumb shit ?? https://t.co/hnOvrdO4LU","@158468 Apologies for the inconvenience, Harinder. Kindly try responding to the email through your registered email address. 1/2^AP",General_Product_Inquiry,TRUE,"High customer distress, anger, or delivery grievance requiring human handling"
86063,@AmazonHelp Everything is correct as I've said the payment for another item is been taking as it is so that's not the issue,@134791 Thank you for clarifying! Only your bank can tell you why your card has been declined. Your bank may require your verbal authorisation to proceed with a transaction. Learn more here: https://t.co/93qX3a3Vu3 Hope this helps! ^SC,General_Product_Inquiry,FALSE,Informational inquiry or general brand feedback safe for auto-reply
1123307,@AmazonHelp Order No: 408-1135423-1164366 not delivered since 17th Oct despite being prime member. Not getting any timeline from call center,"@384917 I'd like to take a closer look into this, please share your details on the link here: https://t.co/GIJyeYqKE0. 2/3 ^PS",Shipping_Delivery_Issues,FALSE,Informational inquiry or general brand feedback safe for auto-reply
790210,"@AmazonHelp me hicieron un cobro de 400 y algo, me imagino que es de prime, es cobro unico?",@308433 Puedes encontrar más información aquí: https://t.co/TtyvkyynI0 ^VL,General_Product_Inquiry,FALSE,Informational inquiry or general brand feedback safe for auto-reply
382379,"@AmazonHelp My product is still in transit and no delivery attempt is made till now.
I want to know where my product is exactly and i want it anyhow",@206652 Kindly check the correspondence sent to your registered e-mail id and get back to us. ^RD,Shipping_Delivery_Issues,FALSE,Informational inquiry or general brand feedback safe for auto-reply
323382,. @119625 where is second episode of Young Sheldon? Please release it.,"@193007 Please stay tuned Narendra, we'll announce it soon. ^HN",General_Product_Inquiry,FALSE,Informational inquiry or general brand feedback safe for auto-reply
2278325,"@AmazonHelp The item was fine, luckily I just missed the delivery. No just our address, we have 2 big bushes right below the light.... surely they would be more of a better space?","@662453 Hey Nicole, if you can think of the ideal spot for an unattended parcels, you can leave instructions! Please see https://t.co/qoQUmCbJHi for more information. Let us know if we can help! ^PF",Shipping_Delivery_Issues,TRUE,Specific delivery delay or missing parcel requiring order investigation
1249730,@115821 same day delivery helped me be the best Harry Potter nerd I can be today! https://t.co/8w0qWaHVWP,@413217 10 points Gryffindor! What wonderful items did you have imported from Diagon Alley?📦,Shipping_Delivery_Issues,FALSE,Informational inquiry or general brand feedback safe for auto-reply
2477496,@AmazonHelp It is pictured in the first image. The second image is current tracking.,"@159289 Oh dear!  I am sorry that the delivery date on your order was changed.  Please reach out to us if your package does not arrive by the date shown on your order, here:   https://t.co/Y5jpI9gRhE ^SP",Shipping_Delivery_Issues,FALSE,Informational inquiry or general brand feedback safe for auto-reply
2059512,@AmazonHelp your help system is horrible.,"@609098 Without personal info, could you provide us with a few details about the issue you'd like us to help you with? ^WM",General_Product_Inquiry,FALSE,Informational inquiry or general brand feedback safe for auto-reply
2705693,@AmazonHelp Amzl US,"@759892 We'd like to escalate this to our AMZL team for you. Please give us some additional information, including order details, here: https://t.co/SgVwC1sCZz ^BE",General_Product_Inquiry,FALSE,Informational inquiry or general brand feedback safe for auto-reply
1265174,"@AmazonHelp Oh yes ,I have",@219480 We haven't received your details yet. Request you to share your details again through the secured link provided earlier.^OS,General_Product_Inquiry,FALSE,Informational inquiry or general brand feedback safe for auto-reply
346256,@115821 Hi..Do all Amazon kindles are E-ink? &amp; how about the All New Fire HD 10 which will be out soon?,@198412 E-Ink refers to special technology used in black &amp; white E-Readers. What information are you looking for? We're here to help! ^AM,Digital_Services_Prime,FALSE,Informational inquiry or general brand feedback safe for auto-reply
36563,@119625 when is Raja the great movie available in Telugu in prime,"@123965 We haven't made any announcement yet, please stay tuned for the update on this Sai. ^HN",Digital_Services_Prime,FALSE,Informational inquiry or general brand feedback safe for auto-reply
2845536,"@115850 @115821 When an order is placed with the seller on our website, the seller takes the complete responsibility of the shipment. As we are unable to create shipping charges refund as refund has already been initiate from seller end. I request you to please contact",@502030 I understand your concern regarding the self return shipping charges. Kindly share your details here: https://t.co/GIJyeYqKE0 and we'll look into the issue for you. ^GD,Returns_Refunds_Damaged,TRUE,"Financial transaction, refund request, or account security verification required"
2923522,"So amazon said my order was confirmed, yet no money came out of my account. It said it's supposed to be here tonight but it's not. Cool.","@809021 We're here to help. When looking here: https://t.co/q4LAMZ3tbE, what does the status of the order state? ^GG",General_Product_Inquiry,FALSE,Informational inquiry or general brand feedback safe for auto-reply
761204,@AmazonHelp Amazon logistics,"@301878 Dans un souci permanent de qualité et d’efficacité, je vous invite à nous communiquer le numéro de suivi de votre commande^BR",General_Product_Inquiry,FALSE,Informational inquiry or general brand feedback safe for auto-reply
1487895,"@115850 can amazon GC be purchased in retail stores/locations? If yes, where in Hyd do I get them?",@465577 Amazon gift cards are only available on our website. You can find all of our gift card options on our (1/2) ^GK,General_Product_Inquiry,FALSE,Informational inquiry or general brand feedback safe for auto-reply
754134,@115850 my order has been cancelled after a delay and is being shipped back to the seller. How should i proceed?,"@300254 Sorry the order being returned. I'm afraid we can't direct it back to you. If you've already paid for it, [1/2] ^HA",General_Product_Inquiry,FALSE,Informational inquiry or general brand feedback safe for auto-reply
250024,@AmazonHelp Since last September I have paid you for my order .item could not delivered but did not returned my money,@175407 Apologies for the inconvenience. Please share your details here: https://t.co/GIJyeYqKE0 I'll reach and assist you. ^SV,Returns_Refunds_Damaged,TRUE,Physical return or item replacement triage
2890549,"Really fed up of @115830 now, awful service for the last 2-3 months, just keeps getting worse. Constantly told one thing, then another happens, then 'sorry' and it still continues. I think our Amazon days will soon be over at this rate. The amount of hours on the phone- unreal!","@467643 Hello Ashleigh, without providing any personal info/account details, could you please explain the issue you are facing? ^BD",General_Product_Inquiry,FALSE,Informational inquiry or general brand feedback safe for auto-reply
1046144,@AmazonHelp @115850 no email recieved and time has lapsed for another pick up order. It seems amazon has got arrogance of thier wealth.,@268374 You can find all the emails sent by us here: https://t.co/WVinxThNX7. Kindly reply to the email and we'll get back. ^SH,General_Product_Inquiry,FALSE,Informational inquiry or general brand feedback safe for auto-reply
1490208,@AmazonHelp How can I make that ?,"@466090 Hi, please reach out via this link: https://t.co/RUbU5ITho0 ^TS",General_Product_Inquiry,FALSE,Informational inquiry or general brand feedback safe for auto-reply
1786112,"@AmazonHelp To wait a day.  I understand it's busy, however the carrier has apparently has this ""out for delivery"" since 10:38AM on the 25th.",@536629 I fully understand your frustration. This is definitely not the service we expect. Have you been in touch with the carrier directly? Please keep us posted. We want to ensure your orders reach you as soon as possible. ^TP,Shipping_Delivery_Issues,FALSE,Informational inquiry or general brand feedback safe for auto-reply
141957,"@AmazonHelp PS - it's actually the bayonet bulb version of the Hue I was looking at but it's the same deal
https://t.co/x4OuHwZLXB","@148038 Hi Nyall, I've had an update to let me know that the bundle includes a dimmer switch that when sold separately comes to £19.99. Ordering all of these separately would take you to £179.97 with todays deal prices. Therefore, you are better with the bundle. 🙂 ^KI",General_Product_Inquiry,FALSE,Informational inquiry or general brand feedback safe for auto-reply
854401,I wonder why @119625 doesn't have subtitles for languages other than English.,"@322924 getting started, so stay tuned as we continue to add more subtitle and audio languages. (2/2)^SQ",Digital_Services_Prime,FALSE,Informational inquiry or general brand feedback safe for auto-reply
2128868,"@AmazonHelp I have shown you the price tags, and the product id's. What else do you need? It is really shocking to see this callous ness.","@626700 I understand your concern, Nirupam. The prices on our website are determined by our sellers. (1/3) ^BA",General_Product_Inquiry,FALSE,Informational inquiry or general brand feedback safe for auto-reply
2864789,@117093 bruh.... https://t.co/kdtjPud8dP,@795709 I'm so sorry your bread arrived squished! We'd love to look into this for you! Have you had a chance to reach out to us via phone or chat to discuss options we may have? ^AR,General_Product_Inquiry,FALSE,Informational inquiry or general brand feedback safe for auto-reply
1118612,@AmazonHelp Why not here?,@170799 will be contacted via email. 2/2 ^AP,General_Product_Inquiry,FALSE,Informational inquiry or general brand feedback safe for auto-reply
182606,@115850 Buying home appliances from you shakes a consumer's confidence in #ecommerce. A damaged product was covered up and sent! @115821,@158940 We apologize for any inconvenience incurred by you. Contact us here: https://t.co/rS49hgaADF so we could resolve this. ^RS,Returns_Refunds_Damaged,TRUE,Physical return or item replacement triage
2845648,@115830 what's going on? One day delivery is not Thursday. That's 2 to 3 days. Bought from @209420 instead.,"@791515 During this busy period, some deliveries may take slightly longer than usual. As always, please see your up-to-date delivery date at checkout, which provides our most accurate estimate of delivery date: https://t.co/HOUtIoF7uh ^AF",Shipping_Delivery_Issues,FALSE,Informational inquiry or general brand feedback safe for auto-reply
1160489,@115821 Nobody has come today for pickup..this is really frustrating for a customer who has been loyal to amazon,@393025 Kindly confirm if you've shared the details via the above link. ^SG,General_Product_Inquiry,FALSE,Informational inquiry or general brand feedback safe for auto-reply
2667909,"@115850  Ordered on Oct 7, 2017 (404-8762306-0425141) was returned on 13 Oct 17. However, no response from Amazon.","@751529 I understand your concern is regarding the refund of your order. Please fill this form here : https://t.co/beaaDm0muc and we’ll contact you soon. Please don't provide your order details, we consider it to be personal information. Our page is visible to the public. ^VH",Returns_Refunds_Damaged,TRUE,Physical return or item replacement triage
2343980,"Oye, @116928 ,no veo muy normal vuestra forma de entregar pedidos. https://t.co/otd7AmCG9e","@677886 Hola, Carlos. Lamentamos los inconvenientes, ¿tu pedido ha sufrido algún daño? ^VL",General_Product_Inquiry,FALSE,Informational inquiry or general brand feedback safe for auto-reply
133767,@AmazonHelp still waiting for a refund...,"@146145 I'm sorry, did you contact our customer service team here: https://t.co/vlvfJr4nN9? ^SI",Returns_Refunds_Damaged,TRUE,"Financial transaction, refund request, or account security verification required"
37602,@AmazonHelp It was scheduled for today. No one came for pick up of shipment. This is height of carelessness. @115850,@124163 here: https://t.co/beaaDm0muc and we'll get in touch with you soon. (2/2) ^MO,Shipping_Delivery_Issues,FALSE,Informational inquiry or general brand feedback safe for auto-reply
1085067,@AmazonHelp Still problem is not solved,@177687 here: https://t.co/beaaDm0muc and I'll get in touch with you at the earliest. 2/2 ^HS,General_Product_Inquiry,FALSE,Informational inquiry or general brand feedback safe for auto-reply
2769797,"@119356 @115821 on calling customer service, your representative gave unconvincing responses. What kind of service is this? What effort can you do to help a father keep his promise to his son? https://t.co/ySTgGEIQ3t",@263833 We've responded to your query here: https://t.co/jDhhSd76ql Kindly check. ^SY,General_Product_Inquiry,FALSE,Informational inquiry or general brand feedback safe for auto-reply
218143,@AmazonHelp The carrier says AMZL US,@168009 We'd like to look into this with you! Please provide details about your experience here: https://t.co/Y2LOnb3PjF ^WT,Shipping_Delivery_Issues,FALSE,Informational inquiry or general brand feedback safe for auto-reply
1650786,"@AmazonHelp Once gain Gati not ready to deliver the products,but still you guys wanted to assign the products to Gati #NoGati #Patheticserivce",@504187 Please fill in your details using the link: https://t.co/JzRdscmdH9 and I'll get in touch with you soon. ^AK (2/2),General_Product_Inquiry,FALSE,Informational inquiry or general brand feedback safe for auto-reply
1147891,@AmazonHelp if I order something on amazon US how much is shipping?,@390144 You can find more information about shipping rates and how they're determined here: https://t.co/lmtIcHdnS4 ^MO,Shipping_Delivery_Issues,FALSE,Informational inquiry or general brand feedback safe for auto-reply
989822,@AmazonHelp  https://t.co/uoNkxsQvpV,"@354476 Veuillez relancer notre SAV via ce lien en demandant un rappel téléphonique gratuit :  https://t.co/hgIrz98cdI
^ARC",General_Product_Inquiry,FALSE,Informational inquiry or general brand feedback safe for auto-reply
69915,@AmazonHelp Sure. I loved the positive reply! :),@131820 You're most welcome. We'll connect with you soon to get this resolved. ^CB,General_Product_Inquiry,FALSE,Informational inquiry or general brand feedback safe for auto-reply
2317152,Not one reliable charger!! Wasted my money @115821,"@671822 Hi, is the charger you purchased from us faulty ? Have you checked to see if the item can be returned? You can check here: http:https://t.co/DLe9KUYAqA ^CR",Account_Billing_Membership,TRUE,"Financial transaction, refund request, or account security verification required"
2419258,@115850 you've falsely updated the tracking page of order #403-2714234-6358723 as DELIVERED which is not delivered to me at all.,@695042 Please don’t provide your order details as it is personal information. Our Twitter page is visible to the public. ^MS,Shipping_Delivery_Issues,FALSE,Informational inquiry or general brand feedback safe for auto-reply
804845,@AmazonHelp I am on assurance from last four days. Your team given me 13 October deadline. I want my phone within two days.,"@184341 I get your concern. As mentioned, we'll be sure to reach out to you soon with an update. ^VN",General_Product_Inquiry,FALSE,Informational inquiry or general brand feedback safe for auto-reply
1020287,"@115821 i ordered a lens cover; however due to an error instead of IS2 I have received an IS1 cover, which I did not realised until recently",@361428 (2/2) Please let me know if this order was fulfilled by Amazon or ordered from a third-party seller. ^SE,General_Product_Inquiry,FALSE,Informational inquiry or general brand feedback safe for auto-reply
294309,@AmazonHelp customer call back or chat facility is disabled for my a/c without any info/details.feeling cheated and it is so annoying,@186086 That's strange. Request you to contact our support team through email medium and report this. We will assist you further. ^NK,General_Product_Inquiry,FALSE,Informational inquiry or general brand feedback safe for auto-reply
1835982,@115850 thanku for delivering my package before time...now i can go home on time this diwali :),"@550558 Hi, we are delighted to hear your package is delivered. Keep us posted for any further assistance. #happydiwali ^AR",Shipping_Delivery_Issues,FALSE,Informational inquiry or general brand feedback safe for auto-reply
